game	rc	wall_s	audio_hash	audio_n	audio_seen	nonzero	loud	ac_rms	clip_pct	ac_n	ie0	tf0	ie1	tf1	riti	tf2	irq_total	status
sport2k	0	9	e9f28100	479066	479066	472507	470372	1388.059	0.108	471066	0	577870	0	0	213	0	578083	not_silent
mephisto	0	5	d91698e8	479066	479066	474813	473414	3578.370	0.000	471066	0	384720	0	0	694	0	385414	not_silent
mephist1	0	5	b79a2efe	479066	479066	474743	473323	2338.256	0.000	471066	0	499275	0	0	546	0	499821	not_silent
uboat65	0	7	3ed9bf4c	479066	479066	479051	479047	0.499	0.000	471066	0	0	1275	0	600	0	1875	rail
wrldtour	0	5	2d5a231a	958132	958132	238730	0	0.499	0.000	950132	854	5998	4405	0	0	0	11257	silent
wrldtou2	0	5	2d5a231a	958132	958132	238730	0	0.499	0.000	950132	853	5998	4405	0	0	0	11256	silent
wrldtou3	0	5	2d5a231a	958132	958132	238730	0	0.499	0.000	950132	1283	5998	4403	0	0	0	11684	silent
mystcast	0	5	2d5a231a	958132	958132	238730	0	0.499	0.000	950132	345	5995	4477	0	0	0	10817	silent
mystcasa	0	5	2d5a231a	958132	958132	238730	0	0.499	0.000	950132	44	5996	4478	0	0	0	10518	silent
pstlpkr	0	5	2d5a231a	958132	958132	238730	0	0.499	0.000	950132	99	5998	4480	0	0	0	10577	silent
pstlpkr1	0	5	2d5a231a	958132	958132	238730	0	0.499	0.000	950132	99	5998	4478	0	0	0	10575	silent
pmv112	0	5	f7f15cf3	479066	479066	121916	3467	196.528	0.000	471066	16	56939	16	0	247	0	57218	not_silent
pmv112r	0	4	19f2c0dc	479066	479066	121909	3464	196.528	0.000	471066	16	56879	16	0	247	0	57158	not_silent
abv106	0	5	f7f15cf3	479066	479066	121916	3467	196.528	0.000	471066	16	56938	16	0	247	0	57217	not_silent
abv105	0	5	f7f15cf3	479066	479066	121916	3467	196.528	0.000	471066	16	56938	16	0	247	0	57217	not_silent
abv106r	0	4	19f2c0dc	479066	479066	121909	3464	196.528	0.000	471066	16	56877	16	0	247	0	57156	not_silent
bsv103	0	5	6fda16cb	479066	479066	120682	1775	173.272	0.000	471066	8	58013	0	0	11	0	58032	not_silent
bsv102	0	4	6fda16cb	479066	479066	120682	1775	173.272	0.000	471066	8	58012	0	0	247	0	58267	not_silent
bsv100r	0	5	fb53cb55	479066	479066	120707	1781	173.272	0.000	471066	8	57952	0	0	247	0	58207	not_silent
bsv102r	0	4	fb53cb55	479066	479066	120707	1781	173.272	0.000	471066	8	57952	0	0	247	0	58207	not_silent
bsb105	0	5	c531474d	479066	479066	129295	13184	463.092	0.000	471066	51	58072	0	0	265	0	58388	not_silent
pp100	0	4	6fda16cb	479066	479066	120682	1775	173.272	0.000	471066	8	58013	0	0	247	0	58268	not_silent
ffv104	0	5	915de411	479066	479066	121907	3460	195.988	0.000	471066	16	56882	16	0	246	0	57160	not_silent
ffv103	0	5	915de411	479066	479066	121907	3460	195.988	0.000	471066	16	56882	16	0	246	0	57160	not_silent
ffv101	0	5	915de411	479066	479066	121907	3460	195.988	0.000	471066	16	56882	16	0	246	0	57160	not_silent
bbb109	0	5	32156a20	479066	479066	121893	3466	196.527	0.000	471066	16	56711	16	0	8	0	56751	not_silent
bbb108	0	5	32156a20	479066	479066	121893	3466	196.527	0.000	471066	16	56711	16	0	12	0	56755	not_silent
kpb105	0	4	c484a494	479066	479066	121902	3464	196.527	0.000	471066	16	56741	16	0	258	0	57031	not_silent
bushido	0	8	cadf6e91	479066	479066	119383	84	0.499	0.000	471066	67	323837	0	0	0	0	323904	rail
bushidoa	0	8	cadf6e91	479066	479066	119383	84	0.499	0.000	471066	1	323836	0	0	0	0	323837	rail
bushidob	0	8	cadf6e91	479066	479066	119383	84	0.499	0.000	471066	67	323837	0	0	0	0	323904	rail
mach2	0	7	efed25da	479066	479066	119375	75	0.499	0.000	471066	132	323870	0	0	0	0	324002	rail
mach2a	0	8	efed25da	479066	479066	119375	75	0.499	0.000	471066	124	323870	0	0	0	0	323994	rail
jolypark	0	8	5e3b1bc1	479066	479066	448012	415558	105.852	0.000	471066	124	320571	0	0	0	0	320695	not_silent
vrnwrld	0	9	18f53fe1	479066	479066	455108	436343	275.659	0.000	471066	123	320706	0	0	0	0	320829	not_silent
