game	rc	wall_s	audio_hash	audio_n	audio_seen	nonzero	loud	ie0	tf0	ie1	tf1	riti	tf2	irq_total	status
sport2k	0	8	c065f979	479066	479066	478842	478781	0	6	0	0	6	0	12	ok
mephisto	0	8	5ec6e519	479066	479066	478826	478754	0	584579	0	0	1267	0	585846	ok
mephist1	0	8	5ec6e519	479066	479066	478826	478754	0	584579	0	0	1267	0	585846	ok
uboat65	0	6	3ed9bf4c	479066	479066	479051	479047	0	0	1275	0	600	0	1875	ok
wrldtour	0	5	2d5a231a	958132	958132	238730	0	854	5998	4405	0	0	0	11257	silent
wrldtou2	0	5	2d5a231a	958132	958132	238730	0	853	5998	4405	0	0	0	11256	silent
wrldtou3	0	4	2d5a231a	958132	958132	238730	0	1283	5998	4403	0	0	0	11684	silent
mystcast	0	5	2d5a231a	958132	958132	238730	0	345	5995	4477	0	0	0	10817	silent
mystcasa	0	5	2d5a231a	958132	958132	238730	0	44	5996	4478	0	0	0	10518	silent
pstlpkr	0	5	2d5a231a	958132	958132	238730	0	99	5998	4480	0	0	0	10577	silent
pstlpkr1	0	5	2d5a231a	958132	958132	238730	0	99	5998	4478	0	0	0	10575	silent
pmv112	0	4	f7f15cf3	479066	479066	121916	3467	16	56939	16	0	247	0	57218	ok
pmv112r	0	5	19f2c0dc	479066	479066	121909	3464	16	56879	16	0	247	0	57158	ok
abv106	0	4	f7f15cf3	479066	479066	121916	3467	16	56938	16	0	247	0	57217	ok
abv105	0	5	f7f15cf3	479066	479066	121916	3467	16	56938	16	0	247	0	57217	ok
abv106r	0	4	19f2c0dc	479066	479066	121909	3464	16	56877	16	0	247	0	57156	ok
bsv103	0	5	6fda16cb	479066	479066	120682	1775	8	58013	0	0	11	0	58032	ok
bsv102	0	4	6fda16cb	479066	479066	120682	1775	8	58012	0	0	247	0	58267	ok
bsv100r	0	4	fb53cb55	479066	479066	120707	1781	8	57952	0	0	247	0	58207	ok
bsv102r	0	5	fb53cb55	479066	479066	120707	1781	8	57952	0	0	247	0	58207	ok
bsb105	0	4	c531474d	479066	479066	129295	13184	51	58072	0	0	265	0	58388	ok
pp100	0	4	6fda16cb	479066	479066	120682	1775	8	58013	0	0	247	0	58268	ok
ffv104	0	5	915de411	479066	479066	121907	3460	16	56882	16	0	246	0	57160	ok
ffv103	0	5	915de411	479066	479066	121907	3460	16	56882	16	0	246	0	57160	ok
ffv101	0	5	915de411	479066	479066	121907	3460	16	56882	16	0	246	0	57160	ok
bbb109	0	5	32156a20	479066	479066	121893	3466	16	56711	16	0	8	0	56751	ok
bbb108	0	4	32156a20	479066	479066	121893	3466	16	56711	16	0	12	0	56755	ok
kpb105	0	5	c484a494	479066	479066	121902	3464	16	56741	16	0	258	0	57031	ok
bushido	0	7	cadf6e91	479066	479066	119383	84	67	323837	0	0	0	0	323904	ok
bushidoa	0	8	cadf6e91	479066	479066	119383	84	1	323836	0	0	0	0	323837	ok
bushidob	0	7	cadf6e91	479066	479066	119383	84	67	323837	0	0	0	0	323904	ok
mach2	0	7	efed25da	479066	479066	119375	75	132	323870	0	0	0	0	324002	ok
mach2a	0	8	efed25da	479066	479066	119375	75	124	323870	0	0	0	0	323994	ok
jolypark	0	8	5e3b1bc1	479066	479066	448012	415558	124	320571	0	0	0	0	320695	ok
vrnwrld	0	8	18f53fe1	479066	479066	455108	436343	123	320706	0	0	0	0	320829	ok
